task,freq_hz,metric,n_subjects,mean,std,sem,median,q25,q75
5-Finger,0.5,rms100_edc_mean,21,67.00518390009334,18.392597364473836,4.013593792835555,66.31861821738003,56.268704811275626,76.2029804864482
5-Finger,0.5,rms100_fds_mean,21,52.43351076236625,15.7757737834452,3.4425560718636907,47.93999000062763,42.76374128832422,63.03103735605999
5-Finger,0.5,rms100_edc_mean_norm,21,0.9221679926999151,0.10925986863416061,0.023842458020808206,0.9155783096546668,0.8551366314338824,1.0093759954052033
5-Finger,0.5,rms100_fds_mean_norm,21,0.9151352125580724,0.13645558130866048,0.029777049064101807,0.9069077532707254,0.8385279122722538,0.9924160835197418
5-Finger,0.5,fmed_edc_hz,21,93.92948668870716,9.867349992168792,2.15323229751121,93.00090621193665,87.33418432805523,101.50098903775886
5-Finger,0.5,fmed_fds_hz,21,101.40575001450031,13.518285302973027,2.949931698422997,102.16766220056843,93.33424279334145,112.66776451481932
5-Finger,0.5,power_20_450_edc,21,7254.036386724369,5075.259143962033,1107.5123427963235,5235.454534562665,4092.7130609741057,9665.074843952936
5-Finger,0.5,power_20_450_fds,21,4478.394768977094,3723.942358595074,812.6308448530625,3291.335684583551,2218.5052366966743,5779.603281047127
5-Finger,0.5,relpower_20_50_edc,21,0.17223486701050972,0.034217154101273795,0.007466795177859802,0.1775089091830329,0.14419044139534357,0.1940503413244087
5-Finger,0.5,relpower_20_50_fds,21,0.15251283220801812,0.040523847111722196,0.008843028420965932,0.14723025363901154,0.12348891670761414,0.17024349181570328
5-Finger,0.5,relpower_50_100_edc,21,0.36364350325046835,0.04796522526360245,0.01046687026171745,0.35700240240796033,0.3277493686706088,0.38420287044871654
5-Finger,0.5,relpower_50_100_fds,21,0.3420332740497678,0.05410806257909514,0.01180734726076719,0.33535787526447774,0.2932140792025555,0.3561219218362617
5-Finger,0.5,relpower_100_200_edc,21,0.3170718823440004,0.03525678252407638,0.0076936606989131545,0.3161358315352812,0.2948500506108635,0.33393932310891766
5-Finger,0.5,relpower_100_200_fds,21,0.3436540273226667,0.041618190255783005,0.009081833673057104,0.3446154045889996,0.32582174420234294,0.3800630246765155
5-Finger,0.5,relpower_200_450_edc,21,0.13950325229410204,0.03357693817943079,0.00732708861009973,0.14337581220638904,0.12228236206201297,0.16164415425588205
5-Finger,0.5,relpower_200_450_fds,21,0.1545093143782152,0.044115394680316104,0.009626768354066702,0.15233429797591289,0.1403169654267552,0.1870478216968927
5-Finger,0.75,rms100_edc_mean,21,84.72192358475844,22.939876217354257,5.005891390425863,83.89890931463748,70.576708359483,90.15936363847091
5-Finger,0.75,rms100_fds_mean,21,67.01148424541783,20.087745450293035,4.383505431760601,65.50619146003156,56.04094797461451,77.45225706423486
5-Finger,0.75,rms100_edc_mean_norm,21,1.1749591432179372,0.17234151828123578,0.037608002519398984,1.156228062111654,1.062816906569005,1.2652640716356696
5-Finger,0.75,rms100_fds_mean_norm,21,1.175873796434328,0.1882514368458007,0.04107983138238479,1.178813155888988,1.0386587931096618,1.3206251747515434
5-Finger,0.75,fmed_edc_hz,21,92.33423304912708,9.270862808104702,2.023068122651936,92.66756963053187,84.83415996751928,98.33429151441332
5-Finger,0.75,fmed_fds_hz,21,98.43746712294337,12.418798273696028,2.7100039585523317,99.16763296792529,89.00086723507917,106.83437434023547
5-Finger,0.75,power_20_450_edc,21,11331.380914024507,8652.983115351446,1888.2357196796572,8827.571191356861,6665.005515616092,10998.842992562277
5-Finger,0.75,power_20_450_fds,21,7150.15203202683,6636.60341991341,1448.2255966264763,5531.606775786957,4242.6359586383405,7432.579541257071
5-Finger,0.75,relpower_20_50_edc,21,0.16863289693980874,0.02900514867509213,0.006329442349859895,0.16821850944737102,0.1440820135847447,0.19220375394412112
5-Finger,0.75,relpower_20_50_fds,21,0.1530918793029162,0.03776551933246067,0.00824111195239615,0.14643204270870483,0.12314410454044795,0.1733065010324756
5-Finger,0.75,relpower_50_100_edc,21,0.37838457243451823,0.054512413482317446,0.01189558386178338,0.3637394448800085,0.33903049382625094,0.39762317500634986
5-Finger,0.75,relpower_50_100_fds,21,0.35801344294867576,0.05860748046456252,0.012789200739023971,0.3568086284893419,0.3188784447623352,0.3712998368646381
5-Finger,0.75,relpower_100_200_edc,21,0.3161484839365049,0.035475609099900836,0.007741412572617133,0.31873363273140237,0.2961655628964804,0.3286331472653212
5-Finger,0.75,relpower_100_200_fds,21,0.3412467653684838,0.042564990686460885,0.00928844246551416,0.3479808804043514,0.3133309038946817,0.37076151832326815
5-Finger,0.75,relpower_200_450_edc,21,0.12921621905871938,0.033732188144094497,0.007360966929847857,0.13988463773391982,0.11082801942646348,0.1501628451226157
5-Finger,0.75,relpower_200_450_fds,21,0.14001821926991753,0.04193790480635731,0.009151601107761177,0.1452104122076944,0.12066045934186974,0.17527231915779937
I. Pinch,0.5,rms100_edc_mean,21,68.6339093796101,24.13435084760538,5.266547124179681,65.11690274142764,55.46404352464028,78.90609168683206
I. Pinch,0.5,rms100_fds_mean,21,52.9175368343209,21.503254523833313,4.692394835398464,48.89061208233107,39.7827650434567,54.04894234693378
I. Pinch,0.5,rms100_edc_mean_norm,21,0.9344895890538751,0.14597993728779018,0.031855433931724055,0.9323618822709336,0.8117992985446559,0.9999447788359073
I. Pinch,0.5,rms100_fds_mean_norm,21,0.9101935677539572,0.16884233912334615,0.036844419026006554,0.8855910395463988,0.7977818408845939,1.0071321207152046
I. Pinch,0.5,fmed_edc_hz,21,99.29461833226998,11.741766857208779,2.5622635912229987,100.00097442143726,93.50091108404386,106.83437434023547
I. Pinch,0.5,fmed_fds_hz,21,108.31851578601395,15.54023443385675,3.3911571719289415,109.6677352821762,100.00097442143726,120.66784246853432
I. Pinch,0.5,power_20_450_edc,21,7368.0139628764755,7084.117190840699,1545.8811075697822,5221.631690600348,3733.739162845933,6862.974405110078
I. Pinch,0.5,power_20_450_fds,21,4617.432334717407,5448.251534420875,1188.9059553163315,3247.8081981900455,2048.3757317058803,3985.782944348663
I. Pinch,0.5,relpower_20_50_edc,21,0.15859338519875807,0.03324864809662629,0.007255449840844733,0.15653750785987913,0.13785138590630533,0.17600030903162855
I. Pinch,0.5,relpower_20_50_fds,21,0.13327595709184792,0.03424658706235724,0.007473217976530829,0.12907091762415387,0.11421150863428631,0.14863654360247386
I. Pinch,0.5,relpower_50_100_edc,21,0.347011475241088,0.057885209454061254,0.012631588282933768,0.32624448339641776,0.3079577390321928,0.375007313224528
I. Pinch,0.5,relpower_50_100_fds,21,0.3259804987344543,0.06913527374172175,0.015086553576806324,0.3109256728545015,0.2729384192503934,0.341544686445278
I. Pinch,0.5,relpower_100_200_edc,21,0.33274652210945016,0.0366929220220542,0.008007052030246452,0.337896112588208,0.3181423482492322,0.35325159839273756
I. Pinch,0.5,relpower_100_200_fds,21,0.36070169552640463,0.04450083489341132,0.00971087830418045,0.37043824020801175,0.34056893843660757,0.39792416990425794
I. Pinch,0.5,relpower_200_450_edc,21,0.15438193097802105,0.04153364952531021,0.00906338537321432,0.1633785577247758,0.12929550963247433,0.18571804998227592
I. Pinch,0.5,relpower_200_450_fds,21,0.17309386244424982,0.053569122518374514,0.011689740897753077,0.18347169602741764,0.14908929637554655,0.21271126883761082
I. Pinch,0.75,rms100_edc_mean,21,77.58814911709358,23.969668565034503,5.230610503917816,74.96405124988395,56.18371291389207,90.34222668148101
I. Pinch,0.75,rms100_fds_mean,21,61.52844433370056,19.95425293256716,4.35437497618017,56.45797471529412,48.80706474609508,73.8180056082153
I. Pinch,0.75,rms100_edc_mean_norm,21,1.0604677092914216,0.1414536647542661,0.030867720288825305,1.0713598958421948,0.9657986723540387,1.116689076429243
I. Pinch,0.75,rms100_fds_mean_norm,21,1.0685798970970732,0.15312247457123956,0.03341406334865029,1.0838221809226807,0.9498878229255826,1.1650657148298826
I. Pinch,0.75,fmed_edc_hz,21,96.68348177793243,10.308660101666838,2.2495340585456884,97.33428177019896,90.00087697929354,103.66767681688998
I. Pinch,0.75,fmed_fds_hz,21,104.62800363474665,13.368407884688969,2.9172257644110324,103.0010036540804,97.33428177019896,116.50113520097442
I. Pinch,0.75,power_20_450_edc,21,8850.882269112743,6332.395531607415,1381.8419930471957,7334.560421052895,4163.308253894669,11052.862774520916
I. Pinch,0.75,power_20_450_fds,21,5687.333845052755,4604.996111694315,1004.8925360388818,4156.7930608491615,3289.474542158521,7049.999515778465
I. Pinch,0.75,relpower_20_50_edc,21,0.16235781015459555,0.030626991136764464,0.00668335739014118,0.1519420614701046,0.13932655275563974,0.1840870891691079
I. Pinch,0.75,relpower_20_50_fds,21,0.13759550866480547,0.029310154237822583,0.006396000020269176,0.13807782116130204,0.11876937813096478,0.146458044599012
I. Pinch,0.75,relpower_50_100_edc,21,0.3605056109546483,0.057391397658806534,0.012523829714799635,0.3570643374023768,0.32116377458965006,0.38607171078925456
I. Pinch,0.75,relpower_50_100_fds,21,0.33931151049679054,0.0651011907573967,0.014206244498929996,0.32923328125868495,0.29127848037613063,0.3604340788703925
I. Pinch,0.75,relpower_100_200_edc,21,0.3263260874261475,0.03840184249547528,0.008379969050537492,0.33361400456033957,0.3080136014785706,0.35582632202759973
I. Pinch,0.75,relpower_100_200_fds,21,0.3552482005489412,0.03792954485982427,0.008276905256922281,0.3641382845728569,0.3287471631922348,0.3761830563101813
I. Pinch,0.75,relpower_200_450_edc,21,0.14327642391502224,0.037738282381475946,0.008235168362415803,0.14196902698989217,0.121527760309794,0.17882106483546564
I. Pinch,0.75,relpower_200_450_fds,21,0.1607390507590575,0.04923786704135981,0.010744583465485843,0.17196747162291304,0.13894298944869818,0.19912820142351403
Index,0.5,rms100_edc_mean,21,60.14641041706485,17.0603541389078,3.722874486871341,65.43632486491848,48.16634672440506,71.561572280127
Index,0.5,rms100_fds_mean,21,45.083743464001806,14.571734907665125,3.179813248628847,44.488057480209555,33.14364296896786,52.106670363140154
Index,0.5,rms100_edc_mean_norm,21,0.8233713113279914,0.097096635366066,0.021188222918596365,0.8345017078401737,0.769363852034684,0.8744751422010304
Index,0.5,rms100_fds_mean_norm,21,0.7804945700997743,0.11422607638503353,0.02492617339867733,0.7553236029975875,0.7148953175184675,0.8109352878428314
Index,0.5,fmed_edc_hz,21,100.55653539044526,14.931500770066735,3.2583205961010586,95.5009305724726,91.33422330491271,105.50102801461632
Index,0.5,fmed_fds_hz,21,112.048710863639,16.462756306722373,3.592467948722234,108.83439382866425,102.00099390986601,126.16789606171335
Index,0.5,power_20_450_edc,21,4568.695521829451,2533.736830425591,552.9067055487029,5001.2819291766455,2615.0031146174074,5771.10345572425
Index,0.5,power_20_450_fds,21,2547.4621971994993,1703.8770473892123,371.8164545028059,2273.0240248625237,1136.3562467020836,2941.6538127768413
Index,0.5,relpower_20_50_edc,21,0.16511742703318358,0.038916613364775546,0.008492301263591144,0.16803331598601787,0.14367544977397417,0.1844284747256316
Index,0.5,relpower_20_50_fds,21,0.1387427609294642,0.03526395649332266,0.007695226187346695,0.14556163397044677,0.11022569803356692,0.16567035289104207
Index,0.5,relpower_50_100_edc,21,0.3327540836985325,0.046412028319210236,0.010127934901391189,0.34107233898911,0.28827005294850494,0.36557000603583195
Index,0.5,relpower_50_100_fds,21,0.3017026900070465,0.05407004291198729,0.01179905068922344,0.30817275850357173,0.25158705557609146,0.3231150332000609
Index,0.5,relpower_100_200_edc,21,0.3306497496482173,0.040054711447144634,0.008740654626007356,0.3264803497536628,0.3059093009344141,0.34733737218562055
Index,0.5,relpower_100_200_fds,21,0.35704933786885046,0.03620188180541858,0.0078998982701512,0.3538303196986763,0.3347960215704619,0.3762079309832562
Index,0.5,relpower_200_450_edc,21,0.16406496405200427,0.04533404416745236,0.00989269947408675,0.15096229026792504,0.12942133615402304,0.18429987167506376
Index,0.5,relpower_200_450_fds,21,0.19538158663724112,0.054697159179766405,0.011935898678110868,0.18327596807197563,0.15208997730967244,0.2394379482654769
Index,0.75,rms100_edc_mean,21,71.78968559329464,18.710203017251935,4.082901028311817,72.77276966699078,59.059149419742596,86.7092655271482
Index,0.75,rms100_fds_mean,21,55.58188660475008,16.77166285779545,3.6598768845774785,54.22194304935931,42.57496456685505,63.02151247636539
Index,0.75,rms100_edc_mean_norm,21,0.9891045788657026,0.11741783335125444,0.02562267186999209,0.9960565649047124,0.8887245965308189,1.0526275127660139
Index,0.75,rms100_fds_mean_norm,21,0.9690282491637395,0.1440477762975778,0.03143380183684362,0.9388369981614749,0.8759409309721081,1.0144214362189363
Index,0.75,fmed_edc_hz,21,99.32636467335615,14.321013606366986,3.125101375222344,96.66760860738937,91.16755501421032,105.16769143321153
Index,0.75,fmed_fds_hz,21,108.85820358447886,16.87135003237642,3.681630409498124,109.6677352821762,97.33428177019896,120.50117417783191
Index,0.75,power_20_450_edc,21,6378.276456257426,3291.961426127478,718.364877147807,5975.6804400391375,3913.9342925496253,8289.854330371445
Index,0.75,power_20_450_fds,21,3823.758319092228,2476.860069504281,540.4951787769977,3377.900024682823,1892.5928018132497,4513.247672338229
Index,0.75,relpower_20_50_edc,21,0.16377344283773643,0.03949687580692456,0.008618924909500088,0.16197886054923924,0.13639274767036155,0.1850855165287498
Index,0.75,relpower_20_50_fds,21,0.14231024675293952,0.042461336972952325,0.009265823370837195,0.1464218004948508,0.1087802785286056,0.16675840179942547
Index,0.75,relpower_50_100_edc,21,0.34093361164114727,0.04997532727692493,0.010905510482223801,0.34567192534375596,0.29851995407483617,0.36280607284313016
Index,0.75,relpower_50_100_fds,21,0.3142713890582036,0.056610804699035795,0.012353490365985395,0.3227496885779142,0.2706726198607703,0.352170793893057
Index,0.75,relpower_100_200_edc,21,0.3279828338870554,0.04233833205283648,0.009238981496680869,0.33037023707370045,0.3048418371040408,0.348459741569346
Index,0.75,relpower_100_200_fds,21,0.3518204464656564,0.04245180381691118,0.009263743065638607,0.35651786664050217,0.3257882728610486,0.38139631204342006
Index,0.75,relpower_200_450_edc,21,0.15966677060470638,0.04411227613023654,0.009626087830647745,0.15235897411688196,0.1301428996528428,0.18388028310412396
Index,0.75,relpower_200_450_fds,21,0.18432525077782874,0.05463701809412315,0.011922774817285296,0.18209153943959552,0.13616910767808188,0.23209110305206407
M. Pinch,0.5,rms100_edc_mean,21,67.95357935351609,18.636138851616717,4.06673890234481,64.15996135976714,51.103677879664986,77.24842024062569
M. Pinch,0.5,rms100_fds_mean,21,53.627287201510875,15.559186485258634,3.3952928486015046,52.403849524211374,42.35819399352504,62.41166457728593
M. Pinch,0.5,rms100_edc_mean_norm,21,0.9331529637329119,0.0866098403177306,0.018899816627811365,0.9148985681956076,0.8651811832578914,0.9737155599211493
M. Pinch,0.5,rms100_fds_mean_norm,21,0.9359103635936502,0.11251126875657279,0.024551971695834042,0.9114034884071329,0.8661180164145564,0.9801003141467195
M. Pinch,0.5,fmed_edc_hz,21,98.50889639038726,11.387052331128041,2.4848585357056003,99.83430613073489,94.5009208282582,107.16771092164028
M. Pinch,0.5,fmed_fds_hz,21,103.61212071998915,14.18104605641535,3.0945579517703976,105.8343645960211,92.50090133982947,114.50111571254568
M. Pinch,0.5,power_20_450_edc,21,6755.946073486436,4336.707788225281,946.3472241165176,5289.070209970574,3240.409101440862,8422.859787600728
M. Pinch,0.5,power_20_450_fds,21,4139.955485517697,2924.323667076923,638.1397409967067,3075.6247863575445,2287.9477872984303,5483.82474223698
M. Pinch,0.5,relpower_20_50_edc,21,0.16289232354413227,0.03376229242865497,0.007367536223311708,0.15966927998473354,0.13993713119013038,0.1720838335359586
M. Pinch,0.5,relpower_20_50_fds,21,0.14849219961917143,0.03858610147133442,0.00842017765550652,0.1334039777359131,0.1185811817396855,0.19242647854333153
M. Pinch,0.5,relpower_50_100_edc,21,0.3470028049830718,0.049365025504112876,0.010772331716953468,0.3451381780095613,0.3127218585133476,0.3667328638477698
M. Pinch,0.5,relpower_50_100_fds,21,0.334306070776729,0.05527190127750589,0.012061317686109388,0.32880360527651215,0.29195396154121095,0.36006140533012737
M. Pinch,0.5,relpower_100_200_edc,21,0.33046376856542026,0.03709037500865648,0.008093783382450795,0.33858253405566807,0.31944472339088964,0.36095348144747813
M. Pinch,0.5,relpower_100_200_fds,21,0.3487009918145161,0.042997919488217684,0.009382915275255924,0.35463568167798964,0.32416870744174847,0.38241630432222906
M. Pinch,0.5,relpower_200_450_edc,21,0.15222584566416963,0.040042259091299055,0.008737937299186265,0.15141304804615063,0.12816235152283398,0.1949040034657056
M. Pinch,0.5,relpower_200_450_fds,21,0.1612439402278963,0.04606879016172664,0.010053034194816629,0.17305193155729523,0.13109533691274208,0.19764932305030847
M. Pinch,0.75,rms100_edc_mean,21,81.21312110803326,22.11229374459648,4.825298089224376,75.84705331963113,68.60009128749141,86.47209561342356
M. Pinch,0.75,rms100_fds_mean,21,65.04175135160511,19.61235166797143,4.279766003551072,60.69088875508595,53.14029811487262,67.4648568528794
M. Pinch,0.75,rms100_edc_mean_norm,21,1.1235233113731902,0.12859906789738929,0.028062617282883427,1.0946115056106556,1.0071864535834625,1.202932582565242
M. Pinch,0.75,rms100_fds_mean_norm,21,1.1384944432825783,0.13655038762215063,0.02979773749781268,1.1415072860300581,1.0430220206976129,1.2058089052527328
M. Pinch,0.75,fmed_edc_hz,21,96.26284275854069,10.927209811395162,2.3845126712086886,95.3342622817702,90.50088185140073,104.50101827040196
M. Pinch,0.75,fmed_fds_hz,21,100.10415002996734,13.228095502129072,2.8866070923148266,101.00098416565164,90.83421843280553,111.83442306130736
M. Pinch,0.75,power_20_450_edc,21,9795.30920394292,7274.932165719726,1587.5203488133175,7265.9972125832965,6309.383489474077,9790.924453967482
M. Pinch,0.75,power_20_450_fds,21,6309.070787361508,5590.166362733294,1219.8743097438708,5251.9529657952835,3761.2068545923053,6142.546996516377
M. Pinch,0.75,relpower_20_50_edc,21,0.15999866880441588,0.028353320597141747,0.00618720180189298,0.1595639266149673,0.13766906759168498,0.18053159337038602
M. Pinch,0.75,relpower_20_50_fds,21,0.15155954801446406,0.03436485352445841,0.007499025834376221,0.14229813586078724,0.12130772535214107,0.16502105769019204
M. Pinch,0.75,relpower_50_100_edc,21,0.3634272251555644,0.060100937845052875,0.01311509985775195,0.3529248496292774,0.3244613610851353,0.38738672705192595
M. Pinch,0.75,relpower_50_100_fds,21,0.3507799552892946,0.06448015840889096,0.014070724130070768,0.3438901139951585,0.3065954608532753,0.37451831899947097
M. Pinch,0.75,relpower_100_200_edc,21,0.3254790877285489,0.037779182800605375,0.008244093565587996,0.3245627824607036,0.3110088720938449,0.3617113012817143
M. Pinch,0.75,relpower_100_200_fds,21,0.3403427489418557,0.041459358166471706,0.009047173669625817,0.34525548067605855,0.32156797301966633,0.37375518665751306
M. Pinch,0.75,relpower_200_450_edc,21,0.143674513912309,0.038008481260764324,0.008294130591798243,0.14585371290522012,0.12458602946928739,0.18020688829286444
M. Pinch,0.75,relpower_200_450_fds,21,0.1500285469225679,0.04550185689071809,0.009929319212512553,0.15744717658833987,0.13111552186424455,0.18508201711686467
Middle,0.5,rms100_edc_mean,21,64.21300511286695,17.315651399957765,3.7785849165606917,66.30129735549313,50.78128838675969,72.24120255177009
Middle,0.5,rms100_fds_mean,21,50.72953687853444,13.376265947063798,2.9189405342038106,48.76630775440467,42.36909502887132,57.086294010778005
Middle,0.5,rms100_edc_mean_norm,21,0.8872672226904353,0.12809909074075823,0.02795351332259721,0.9155409076443654,0.816391241625912,0.9706808076859242
Middle,0.5,rms100_fds_mean_norm,21,0.8937943409603891,0.12281727412057199,0.026800926443126767,0.9182204767868848,0.8462638884883106,0.993119409838563
Middle,0.5,fmed_edc_hz,21,93.38979889024225,13.119699027576786,2.862953042329007,93.83424766544864,85.83416971173365,101.83432561916364
Middle,0.5,fmed_fds_hz,21,87.26275506061133,13.671125559871616,2.983284176826534,85.83416971173365,76.8340820138043,95.00092570036541
Middle,0.5,power_20_450_edc,21,5233.06312278602,2787.0111034206734,608.1756830527445,4958.7297649385355,2819.1286204471467,6443.724792397673
Middle,0.5,power_20_450_fds,21,3139.3444873328676,1675.5614961849965,365.6374946581527,2692.9213860708523,2169.327228205717,3759.7317923235855
Middle,0.5,relpower_20_50_edc,21,0.1858957652510909,0.0475700774936813,0.010380641949033797,0.17658930208653004,0.1474629369207001,0.21367476174442016
Middle,0.5,relpower_20_50_fds,21,0.21132371265217167,0.058991592158862814,0.012873020782569154,0.21031097989492933,0.164624623392877,0.25692059485367885
Middle,0.5,relpower_50_100_edc,21,0.3529983454056416,0.03987696310843685,0.008701866758541591,0.3601274093897004,0.32215940769409496,0.37887057471355634
Middle,0.5,relpower_50_100_fds,21,0.36188275092252037,0.03729724333369219,0.008138925751896741,0.3642802309213682,0.33037058904598116,0.37528710668160054
Middle,0.5,relpower_100_200_edc,21,0.312726860448348,0.05090255046072081,0.011107847169169639,0.32528053435157783,0.28473171599748365,0.34666050157897726
Middle,0.5,relpower_100_200_fds,21,0.2912915516634539,0.05500268218225112,0.01200256926313165,0.2922738896423584,0.25482607724150624,0.3296334803472097
Middle,0.5,relpower_200_450_edc,21,0.14034901117797188,0.03578783445772853,0.007809545731480471,0.14437473602262774,0.1175208501229393,0.15592478054674117
Middle,0.5,relpower_200_450_fds,21,0.12705508531546206,0.034989343547223765,0.007635300729617505,0.12770671334540917,0.10896812771380447,0.14662772962798978
Middle,0.75,rms100_edc_mean,21,78.14155388167853,19.865623190070878,4.335034380760471,82.1391908328295,62.459000208218725,86.26838437623563
Middle,0.75,rms100_fds_mean,21,63.22161165437541,15.86118688840978,3.461194739427567,62.44338817970877,49.15555654720535,74.96729093223544
Middle,0.75,rms100_edc_mean_norm,21,1.0793278505060147,0.12973573204567485,0.028310657735229193,1.1175110935761468,1.0420851394843038,1.1660393731077268
Middle,0.75,rms100_fds_mean_norm,21,1.112280281432463,0.1296631867295766,0.028294827049403733,1.1318177354369912,1.0187709874961282,1.2019878201949306
Middle,0.75,fmed_edc_hz,21,90.4215159986853,13.217396437706482,2.88427236504903,91.6675598863175,80.8341209906618,100.00097442143726
Middle,0.75,fmed_fds_hz,21,81.79444780851846,13.630053408738688,2.9743214986588526,79.16743808363783,72.33403816483963,91.6675598863175
Middle,0.75,power_20_450_edc,21,7662.018363428331,3768.604986798461,822.3770293520001,7655.0098666663625,4476.043652050818,10366.871003246159
Middle,0.75,power_20_450_fds,21,5014.6773290319725,2367.457633531413,516.6216100123203,4911.488957604425,3016.8018510915954,6752.777922189888
Middle,0.75,relpower_20_50_edc,21,0.19395194744081956,0.05019825452193978,0.010954157195307063,0.1899888157268715,0.16360826568857614,0.23797809154500973
Middle,0.75,relpower_20_50_fds,21,0.23236118341908835,0.06270538835384923,0.013683437553005547,0.23100779537063718,0.18264163868497177,0.27994337587226803
Middle,0.75,relpower_50_100_edc,21,0.3634730171875498,0.03958868398569971,0.008638959096578809,0.365378478610481,0.3422588343917538,0.39369893296325326
Middle,0.75,relpower_50_100_fds,21,0.375568099920005,0.03691246745002397,0.008054960770348972,0.3717689342523139,0.35562325506617,0.3856815648422205
Middle,0.75,relpower_100_200_edc,21,0.30443937632408086,0.050965635493056355,0.01112161345183137,0.3092756185673496,0.27462981951007076,0.33926283577302074
Middle,0.75,relpower_100_200_fds,21,0.27200880961099827,0.05512721327644227,0.012029744175774822,0.26019958731927645,0.23524497994124752,0.30815932153639614
Middle,0.75,relpower_200_450_edc,21,0.13004391757213116,0.035050079764482045,0.007648554458808521,0.13413382821825617,0.10922442519870042,0.14510016644136967
Middle,0.75,relpower_200_450_fds,21,0.11116317153960492,0.03533086962454836,0.007709827829671851,0.10891807831663802,0.08697982482311888,0.13031116044047367
Ring-Little,0.5,rms100_edc_mean,21,75.90776096358907,24.342712452886946,5.312015354090409,73.61550118036735,53.740149512152676,91.88608999719615
Ring-Little,0.5,rms100_fds_mean,21,58.952303189031745,16.833411640739975,3.6733515737162725,60.33067171574836,45.90239387213262,67.87070528873598
Ring-Little,0.5,rms100_edc_mean_norm,21,1.036245456475297,0.15658393275537602,0.03416941545073266,1.0618623138409056,0.9000278402412036,1.1412753777353006
Ring-Little,0.5,rms100_fds_mean_norm,21,1.0363040844393,0.17936026895643825,0.03913961948383411,1.0530522829098152,0.9156895620203579,1.1638750523219283
Ring-Little,0.5,fmed_edc_hz,21,89.18737698896041,10.479509988948834,2.2868165604954225,86.16750629313844,82.66747218838815,95.66759886317499
Ring-Little,0.5,fmed_fds_hz,21,85.35003801016956,12.311237878049006,2.68653235594129,87.83418920016241,74.66739423467317,95.1675939910678
Ring-Little,0.5,power_20_450_edc,21,7454.515605233769,4799.759744319123,1047.3934450449651,6423.571133648431,3371.758018394806,9709.558359614623
Ring-Little,0.5,power_20_450_fds,21,4474.201654295907,2577.9391682519667,562.5524464526732,4147.392653530664,2661.069164924523,4993.020534612194
Ring-Little,0.5,relpower_20_50_edc,21,0.20396946809437974,0.03696799900314187,0.00806707874871189,0.20531048542594385,0.1839205377079678,0.2254047685787186
Ring-Little,0.5,relpower_20_50_fds,21,0.22252500911825773,0.054273895683129916,0.011843535010860945,0.2176418686850606,0.1858725701525917,0.2548398114457053
Ring-Little,0.5,relpower_50_100_edc,21,0.3582204532187738,0.031677114573053174,0.006912513110895472,0.35736216461212494,0.343384055924654,0.3845160499088948
Ring-Little,0.5,relpower_50_100_fds,21,0.36197395858694964,0.027717519792176307,0.006048458691623076,0.361178711527057,0.3429214032420644,0.37721778717758475
Ring-Little,0.5,relpower_100_200_edc,21,0.3014542578474766,0.03878011037319386,0.008462513868757286,0.29919985553307465,0.27317916251115887,0.3357809462417478
Ring-Little,0.5,relpower_100_200_fds,21,0.28423224195876734,0.051891809522780837,0.011323721194589213,0.2847300045932964,0.24204077221351403,0.32277148477665735
Ring-Little,0.5,relpower_200_450_edc,21,0.12821672673912002,0.030415934990372883,0.0066373011631542704,0.13447473317730524,0.10500245604582227,0.1477454807355627
Ring-Little,0.5,relpower_200_450_fds,21,0.12286271436377548,0.029037138111935312,0.006336423017277651,0.12530519814025146,0.1118273039705579,0.14477634705720135
Ring-Little,0.75,rms100_edc_mean,21,92.10609636379186,30.8929936731554,6.741403902429832,91.96088210098462,78.10350403353316,103.4347562931709
Ring-Little,0.75,rms100_fds_mean,21,72.69312784873038,21.446771571235484,4.680069244648267,76.15153073250838,59.032036589106276,84.34157384146722
Ring-Little,0.75,rms100_edc_mean_norm,21,1.2563591700061998,0.18333686992426143,0.04000738495734289,1.2779984128501665,1.1374409333823934,1.3834348012532414
Ring-Little,0.75,rms100_fds_mean_norm,21,1.271335658103657,0.18726832460426726,0.04086529870317219,1.316350212981241,1.1794118169965624,1.4186251825158538
Ring-Little,0.75,fmed_edc_hz,21,87.79450627380471,10.55115657188728,2.302451126666868,88.16752578156719,81.50079415347138,94.5009208282582
Ring-Little,0.75,fmed_fds_hz,21,80.0166527076929,12.02588867021868,2.6242640538280444,81.50079415347138,71.00069183922047,84.3341550954121
Ring-Little,0.75,power_20_450_edc,21,11123.89962641974,8174.873404670915,1783.9036273136112,9902.43398339057,6630.331430880364,12162.12937394069
Ring-Little,0.75,power_20_450_fds,21,6971.417859336952,3865.47713157867,843.516264408573,7216.725617786979,4438.230268081866,8414.05117568758
Ring-Little,0.75,relpower_20_50_edc,21,0.20714766217932304,0.04329309360669877,0.009447327548643136,0.2028013208485593,0.1713144728736322,0.22714010048062108
Ring-Little,0.75,relpower_20_50_fds,21,0.24432952574241015,0.06284123869549568,0.013713082527947474,0.233391819941035,0.19203653061448955,0.2832647025808495
Ring-Little,0.75,relpower_50_100_edc,21,0.36250402284432526,0.03246240416253583,0.0070838773483366665,0.35592196718769237,0.3455562720075441,0.3918781214595926
Ring-Little,0.75,relpower_50_100_fds,21,0.37145169817471074,0.025708101362502296,0.005609967641298293,0.3692503452026627,0.34936797762760663,0.3944081185206944
Ring-Little,0.75,relpower_100_200_edc,21,0.29650162147251946,0.042387473369683314,0.009249705011166605,0.3029329938570775,0.25650672229682997,0.32533514942573083
Ring-Little,0.75,relpower_100_200_fds,21,0.2625674051432399,0.05140035769571,0.011216477613733192,0.2604078036392074,0.2323985822628496,0.2897551413602938
Ring-Little,0.75,relpower_200_450_edc,21,0.12545391032441247,0.027252323062908156,0.005946944442817496,0.12652079591268833,0.10566415014963076,0.13978969571408903
Ring-Little,0.75,relpower_200_450_fds,21,0.11286774499758938,0.029188079520783613,0.006369361133065776,0.11627942909500823,0.10025715679728937,0.1316260225426518
Thumb,0.5,rms100_edc_mean,21,57.331791247155266,18.014581105795102,3.931103882391778,53.788906527124134,45.037412499706136,69.63791407722834
Thumb,0.5,rms100_fds_mean,21,44.24012192409921,14.840198987822738,3.2383969138049875,43.97683015184001,33.58474695094662,56.777593357715574
Thumb,0.5,rms100_edc_mean_norm,21,0.7872449943525088,0.15089356411446805,0.03292767521124867,0.7598095693914941,0.7072314625878122,0.8447325408824436
Thumb,0.5,rms100_fds_mean_norm,21,0.775025368713928,0.18473364829873792,0.04031218698734841,0.7280358618106217,0.6703988539156973,0.8474365823199197
Thumb,0.5,fmed_edc_hz,21,96.32633544071304,13.241843021044826,2.8896070468886017,92.00089646772228,86.83417945594802,109.16773041006901
Thumb,0.5,fmed_fds_hz,21,107.32644262707113,15.179032745898143,3.312336501632935,105.66769630531871,97.66761835160374,118.00114981729598
Thumb,0.5,power_20_450_edc,21,4587.375681349739,3290.3080746763744,718.0040862823286,3614.1383823279684,2364.9619384885023,6474.469029190829
Thumb,0.5,power_20_450_fds,21,2847.8232628518404,2390.6969503073874,521.6928446896992,2290.688614058191,1252.6858466823558,4105.569898715484
Thumb,0.5,relpower_20_50_edc,21,0.17377053854422492,0.04349742731883209,0.009491916820208958,0.18009355179817588,0.1405759293046371,0.20305931242713657
Thumb,0.5,relpower_20_50_fds,21,0.1385346687460733,0.03410506968108875,0.007442336352158697,0.13893976736982672,0.11433087398415258,0.16103378678802124
Thumb,0.5,relpower_50_100_edc,21,0.3489851591307321,0.04248625665025097,0.009271261290242668,0.3548336007778996,0.3040566575819203,0.38196454521639206
Thumb,0.5,relpower_50_100_fds,21,0.3243171283558703,0.052771340360420756,0.011515650558376491,0.33073625546795765,0.2809400632725069,0.35394865319174956
Thumb,0.5,relpower_100_200_edc,21,0.31922843265768164,0.03472547673355632,0.0075777202702357,0.3221579891210317,0.3009907118464317,0.3499890504844845
Thumb,0.5,relpower_100_200_fds,21,0.35576136968462396,0.03330639489278926,0.007268051224871305,0.35471895001972387,0.33737983716559317,0.38310361823769434
Thumb,0.5,relpower_200_450_edc,21,0.15057691857751196,0.04503224110254635,0.009826840645996204,0.1303066142480873,0.11256767638188747,0.19711926328865745
Thumb,0.5,relpower_200_450_fds,21,0.17427623799536587,0.052404815499331195,0.011435668276470487,0.17730376996915234,0.1399237916975579,0.2204263332935078
Thumb,0.75,rms100_edc_mean,21,68.85135202851458,22.060212039275196,4.8139329293692725,61.42427159159865,54.40748931912424,85.93447787659511
Thumb,0.75,rms100_fds_mean,21,55.36521787113828,19.625362831702088,4.282605272249891,50.42543189413613,39.77924061811877,69.3368167953296
Thumb,0.75,rms100_edc_mean_norm,21,0.9460085232586525,0.17797996484371725,0.038838412432472075,0.9423943333928224,0.8340960752505641,1.0416836478887834
Thumb,0.75,rms100_fds_mean_norm,21,0.9627443894828286,0.21862983397067504,0.04770894111172601,0.9389870973762762,0.8733844941701778,1.0555368663966787
Thumb,0.75,fmed_edc_hz,21,95.92156959186434,13.608199962872362,2.9695526858075167,91.6675598863175,84.6674916768169,108.33438895655705
Thumb,0.75,fmed_fds_hz,21,105.39785240608626,15.553060906305404,3.393956137685857,106.6677060495331,95.50093057247261,117.167808363784
Thumb,0.75,power_20_450_edc,21,6610.355707664101,4889.947555515133,1067.0740389291607,4558.135045861433,3410.2758207877973,9348.597467118738
Thumb,0.75,power_20_450_fds,21,4456.198061160768,3749.814099374553,818.2765215426929,3460.86782739987,1851.024273470306,5857.179720606574
Thumb,0.75,relpower_20_50_edc,21,0.16640067045511295,0.03967315727290061,0.008657392679093089,0.16298330951179082,0.13122376787040999,0.19692903236628698
Thumb,0.75,relpower_20_50_fds,21,0.13533796809925427,0.03424238815601068,0.007472301700046585,0.13108756491465323,0.1077368023698117,0.16457463398484987
Thumb,0.75,relpower_50_100_edc,21,0.3606504344155955,0.05475806292952463,0.011949188965890568,0.3511342127735881,0.31644243837588254,0.3823358377597607
Thumb,0.75,relpower_50_100_fds,21,0.33908928479475914,0.06200445710337644,0.013530481814326898,0.33913852757986285,0.2947017595080199,0.3622852029932037
Thumb,0.75,relpower_100_200_edc,21,0.3171771902769919,0.03907222265724547,0.008526257995095047,0.32085245261191303,0.28869922446932494,0.34721839608829935
Thumb,0.75,relpower_100_200_fds,21,0.3512999004060945,0.039553825249106445,0.008631352296623134,0.35306074034794466,0.33337002346391564,0.37960233133595195
Thumb,0.75,relpower_200_450_edc,21,0.14842013577920876,0.04529444174892976,0.009884057517868507,0.13660851168461305,0.11733689711845123,0.19039093619609226
Thumb,0.75,relpower_200_450_fds,21,0.16722078944452573,0.05303985763345139,0.01157424583118916,0.1622570533043379,0.13299020474764967,0.20749043305406886
Tripod,0.5,rms100_edc_mean,21,66.03286786182346,18.30566741292053,3.994624122209275,62.892889878598396,51.197618007760546,80.56678601654262
Tripod,0.5,rms100_fds_mean,21,52.12918958512008,14.498748743321789,3.1638863618294266,48.716175669443054,42.25405779551249,62.17527427827955
Tripod,0.5,rms100_edc_mean_norm,21,0.9078008601291349,0.09842935343250783,0.021479045843334696,0.9137307135013534,0.8532487797777347,0.974151722491387
Tripod,0.5,rms100_fds_mean_norm,21,0.9108644662141481,0.10620121239113518,0.023175004508498052,0.9436085916103764,0.8395423537998864,0.9832441334693163
Tripod,0.5,fmed_edc_hz,21,95.49299398720106,10.808856431454466,2.3586858463357308,96.83427689809174,89.50087210718637,104.66768656110435
Tripod,0.5,fmed_fds_hz,21,101.96924756877983,14.062954340871713,3.068788226750116,103.66767681688998,91.00088672350792,113.8344425497361
Tripod,0.5,power_20_450_edc,21,6364.724043655974,3945.7343775813524,861.0298313074293,5760.312890963109,3337.8004257975463,7907.107479837483
Tripod,0.5,power_20_450_fds,21,3812.2784685457714,2333.888057005042,509.2961278466198,2954.266905770973,2245.889296217732,5028.759415642832
Tripod,0.5,relpower_20_50_edc,21,0.17727724546073179,0.03854162445573169,0.008410471974997698,0.17089733715518862,0.14690247593846317,0.18496623696391024
Tripod,0.5,relpower_20_50_fds,21,0.15621659623451323,0.04123375888338356,0.00899794387003157,0.14650551673651424,0.12704037801763363,0.17968215434902665
Tripod,0.5,relpower_50_100_edc,21,0.35216139189779544,0.04329845586696981,0.009448497689766378,0.3500236489833172,0.3148012293628417,0.3808643369431253
Tripod,0.5,relpower_50_100_fds,21,0.33610646755373513,0.05190358342470621,0.011326290470627214,0.3234688759379227,0.30306207463156337,0.3512285469866722
Tripod,0.5,relpower_100_200_edc,21,0.31709989049999676,0.040364928533834776,0.008808349544180034,0.32288234150866724,0.3056342724125903,0.334073991209831
Tripod,0.5,relpower_100_200_fds,21,0.34053931276649163,0.04321462126597877,0.009430203480009338,0.3342850718849289,0.3226403619374148,0.37227273494457674
Tripod,0.5,relpower_200_450_edc,21,0.14603889988259314,0.03767925637621077,0.008222287832077778,0.14810872285636964,0.11384460889620823,0.17333700052230547
Tripod,0.5,relpower_200_450_fds,21,0.15979031133173993,0.04771307540694632,0.01041184665197464,0.1699880109050881,0.13352212410619466,0.19982351817783398
Tripod,0.75,rms100_edc_mean,21,82.45371257702085,22.40411094023164,4.888977821990464,76.59186321557809,67.25469546835494,90.88305043819359
Tripod,0.75,rms100_fds_mean,21,65.45778507030515,18.632475965111492,4.065939594979466,62.20132031598643,55.84442113911194,73.04640905627829
Tripod,0.75,rms100_edc_mean_norm,21,1.1385093230188115,0.11934036528528634,0.026042202732547853,1.1195570557608463,1.0621218858096115,1.2249987752602198
Tripod,0.75,rms100_fds_mean_norm,21,1.1439413106701124,0.12951309348010703,0.02826207401716582,1.1361930030480534,1.036092820301738,1.2477945349183455
Tripod,0.75,fmed_edc_hz,21,95.00886228563698,10.491431479098036,2.2894180429242508,95.5009305724726,90.00087697929355,104.50101827040196
Tripod,0.75,fmed_fds_hz,21,99.1120768710245,12.728955406478176,2.7776857937096966,100.00097442143726,91.33422330491271,110.3344084449858
Tripod,0.75,power_20_450_edc,21,9978.66402020759,6532.592539520079,1425.5285617454554,7936.546114827371,5943.539196205748,12037.840462619322
Tripod,0.75,power_20_450_fds,21,6215.866700450581,4257.66302436951,929.0982425137091,4707.599930482811,3954.0768992920543,6814.100616975463
Tripod,0.75,relpower_20_50_edc,21,0.16593615711882895,0.03203611448280395,0.006990853313796198,0.15795871010875506,0.1423791014760555,0.1893810141337634
Tripod,0.75,relpower_20_50_fds,21,0.1561043445445033,0.03882366866380917,0.008472019067037647,0.15310944447473263,0.1251641714843064,0.18199327701335788
Tripod,0.75,relpower_50_100_edc,21,0.36370267372885035,0.053220030568376424,0.011613562788926127,0.347613999782081,0.3277990047137579,0.38616163734581604
Tripod,0.75,relpower_50_100_fds,21,0.35049241807127707,0.058401256191646225,0.012744198913272727,0.3426627176450272,0.31695353775427865,0.36580527378267286
Tripod,0.75,relpower_100_200_edc,21,0.3227684942675769,0.038828153062178884,0.008472997642988863,0.3186465883544987,0.3063943258699362,0.34633658618853413
Tripod,0.75,relpower_100_200_fds,21,0.33857551272718894,0.04297029022795325,0.009376886076372238,0.33768161805257063,0.31459741140318936,0.3709588107110228
Tripod,0.75,relpower_200_450_edc,21,0.14007379857487814,0.03563886189582437,0.007777037253318693,0.1484317628645509,0.1131569963140135,0.1632781329882471
Tripod,0.75,relpower_200_450_fds,21,0.14727105732775553,0.04251060484450705,0.009276574501824284,0.16025889392384726,0.12952813241395436,0.1776583264469843
